City_ID,City,Country,Date,Lat,Lng,Max Temp,Humidity,Cloudiness,Wind Speed
0,Omboue,GA,2022-06-21 03:52:56,-1.5746,9.2618,70.2,90,63,9.31
1,Ushuaia,AR,2022-06-21 03:48:18,-54.8,-68.3,33.46,86,75,23.02
2,Varhaug,NO,2022-06-21 03:52:57,58.6147,5.6457,51.85,78,100,7.72
3,Ormara,PK,2022-06-21 03:52:57,25.2088,64.6357,90.12,48,1,11.61
4,Bhatkal,IN,2022-06-21 03:52:58,13.9667,74.5667,79.59,85,100,5.44
5,Damietta,EG,2022-06-21 03:52:58,31.4165,31.8133,75.09,70,0,6.55
6,Longyearbyen,SJ,2022-06-21 03:52:59,78.2186,15.6401,37.85,86,100,11.43
7,Upernavik,GL,2022-06-21 03:51:09,72.7868,-56.1549,33.21,90,91,9.31
8,Codrington,AU,2022-06-21 03:52:59,-38.2667,141.9667,57.09,62,36,12.1
9,Necochea,AR,2022-06-21 03:51:04,-38.5473,-58.7368,47.57,85,100,8.9
10,Cape Town,ZA,2022-06-21 03:51:04,-33.9258,18.4232,59.38,80,0,8.99
11,Sao Felix Do Xingu,BR,2022-06-21 03:49:27,-6.6447,-51.995,68.45,71,6,1.16
12,Puerto Ayacucho,VE,2022-06-21 03:53:01,5.6639,-67.6236,70.86,96,100,2.06
13,Ribeira Grande,PT,2022-06-21 03:53:01,38.5167,-28.7,64.89,89,97,22.12
14,Charyshskoye,RU,2022-06-21 03:53:02,51.3978,83.5598,75.27,56,80,1.57
15,San Rafael,AR,2022-06-21 03:53:02,-34.6177,-68.3301,43.83,41,25,7.49
16,Quatre Cocos,MU,2022-06-21 03:53:03,-20.2078,57.7625,68.11,58,16,10.42
17,Potsdam,DE,2022-06-21 03:53:03,52.3989,13.0657,56.05,98,2,3.0
18,Qaanaaq,GL,2022-06-21 03:49:36,77.484,-69.3632,36.21,86,94,3.8
19,Port Alfred,ZA,2022-06-21 03:53:05,-33.5906,26.891,59.18,85,9,14.56
20,Hermanus,ZA,2022-06-21 03:53:05,-34.4187,19.2345,50.81,82,75,7.63
21,Saint-Philippe,RE,2022-06-21 03:49:54,-21.3585,55.7679,63.99,70,49,8.01
22,Dikson,RU,2022-06-21 03:53:06,73.5069,80.5464,34.97,97,92,7.0
23,Gat,IL,2022-06-21 03:49:32,31.61,34.7642,72.28,100,44,6.13
24,Lagoa,PT,2022-06-21 03:53:07,39.05,-27.9833,63.59,85,78,19.6
25,Port Elizabeth,ZA,2022-06-21 03:53:08,-33.918,25.5701,56.32,95,0,5.75
26,Saldanha,ZA,2022-06-21 03:53:08,-33.0117,17.9442,53.65,63,98,8.3
27,Dapaong,TG,2022-06-21 03:53:09,10.8639,0.205,76.14,70,100,1.61
28,Ostrovnoy,RU,2022-06-21 03:53:09,68.0531,39.5131,39.63,93,100,9.75
29,Mahebourg,MU,2022-06-21 03:53:10,-20.4081,57.7,68.29,56,20,5.75
30,Umm Kaddadah,SD,2022-06-21 03:53:11,13.6017,26.6876,81.09,51,48,8.84
31,Vila Do Maio,CV,2022-06-21 03:53:11,15.1333,-23.2167,75.99,90,47,9.26
32,Victoria,HK,2022-06-21 03:50:11,22.2855,114.1577,87.85,76,100,13.0
33,Toguchin,RU,2022-06-21 03:53:12,55.2353,84.3858,67.93,68,32,6.58
34,Clyde River,CA,2022-06-21 03:49:01,70.4692,-68.5914,37.63,81,40,11.5
35,Bredasdorp,ZA,2022-06-21 03:50:07,-34.5322,20.0403,51.96,95,53,2.3
36,Bagalkot,IN,2022-06-21 03:53:13,16.1833,75.7,80.98,63,100,15.03
37,Walvis Bay,NA,2022-06-21 03:53:13,-22.9575,14.5053,54.09,89,7,7.09
38,Buritizeiro,BR,2022-06-21 03:49:52,-17.3511,-44.9622,62.8,80,0,1.3
39,Umm Lajj,SA,2022-06-21 03:49:03,25.0213,37.2685,82.24,74,66,13.24
40,Skalat,UA,2022-06-21 03:53:14,49.4273,25.9787,62.92,94,44,12.84
41,Mecca,SA,2022-06-21 03:53:15,21.4267,39.8261,83.95,58,56,2.8
42,Castro,BR,2022-06-21 03:53:15,-24.7911,-50.0119,56.19,94,90,3.02
43,Torquay,GB,2022-06-21 03:53:16,50.4638,-3.5143,54.68,83,41,3.0
44,Lebu,CL,2022-06-21 03:53:16,-37.6167,-73.65,47.98,89,100,8.37
45,Ugoofaaru,MV,2022-06-21 03:53:17,5.6667,73.0,83.39,69,100,14.32
46,Abalak,RU,2022-06-21 03:53:17,58.1286,68.5944,66.63,87,41,8.5
47,Korla,CN,2022-06-21 03:53:18,41.7597,86.1469,86.04,19,91,9.42
48,Dembi Dolo,ET,2022-06-21 03:53:18,8.5333,34.8,55.6,96,100,4.03
49,Dingle,PH,2022-06-21 03:54:19,10.9995,122.6711,80.62,86,100,5.26
50,Bengkulu,ID,2022-06-21 03:54:19,-3.8004,102.2655,83.44,69,53,3.22
51,Buraydah,SA,2022-06-21 03:54:20,26.326,43.975,84.65,13,0,5.57
52,Nanortalik,GL,2022-06-21 03:54:20,60.1432,-45.2371,37.44,97,100,13.33
53,Syracuse,IT,2022-06-21 03:52:57,37.0881,15.2792,67.59,60,0,4.27
54,Amarante,BR,2022-06-21 03:54:21,-6.2411,-42.8547,72.09,66,99,3.29
55,Caravelas,BR,2022-06-21 03:54:22,-17.7125,-39.2481,70.3,89,6,5.01
56,Los Llanos De Aridane,ES,2022-06-21 03:54:22,28.6585,-17.9182,64.15,89,100,10.36
57,Arraial Do Cabo,BR,2022-06-21 03:54:23,-22.9661,-42.0278,69.76,88,40,9.22
58,Nortelandia,BR,2022-06-21 03:54:23,-14.4547,-56.8028,68.74,66,1,2.15
59,Impfondo,CG,2022-06-21 03:54:24,1.6381,18.0667,68.52,98,96,1.21
60,Kavaratti,IN,2022-06-21 03:54:24,10.5669,72.642,82.89,77,100,21.41
61,Brecksville,US,2022-06-21 03:54:25,41.3198,-81.6268,70.41,74,85,5.99
62,San Julian,MX,2022-06-21 03:50:20,21.0167,-102.1667,64.26,59,69,9.91
63,Punta Arenas,CL,2022-06-21 03:54:25,-53.15,-70.9167,30.31,80,20,8.05
64,Przasnysz,PL,2022-06-21 03:54:26,53.0191,20.8803,53.38,96,75,11.9
65,Mar Del Plata,AR,2022-06-21 03:54:26,-38.0023,-57.5575,47.08,84,0,1.99
66,Filadelfia,US,2022-06-21 03:51:09,39.9523,-75.1638,68.34,65,0,3.44
67,Inta,RU,2022-06-21 03:54:27,66.0317,60.1659,65.98,64,13,15.21
68,Pangnirtung,CA,2022-06-21 03:54:28,66.1451,-65.7125,38.79,79,4,4.45
69,Jaragua,BR,2022-06-21 03:49:52,-15.7569,-49.3344,64.38,59,0,3.44
70,Klaksvik,FO,2022-06-21 03:54:29,62.2266,-6.589,45.52,78,100,13.6
71,Touros,BR,2022-06-21 03:54:29,-5.1989,-35.4608,74.68,88,29,10.56
72,Lima,PE,2022-06-21 03:53:02,-12.0432,-77.0282,59.25,77,0,13.8
73,Hofn,IS,2022-06-21 03:54:30,64.2539,-15.2082,44.49,71,100,3.69
74,Mugumu,TZ,2022-06-21 03:54:31,-1.85,34.7,54.79,82,82,3.85
75,Busselton,AU,2022-06-21 03:54:31,-33.65,115.3333,64.08,71,100,14.63
76,Jamestown,US,2022-06-21 03:52:58,42.097,-79.2353,63.99,78,100,6.91
77,Mundwa,IN,2022-06-21 03:54:32,27.0667,73.8167,86.83,51,0,17.47
78,Bereznik,RU,2022-06-21 03:54:33,62.8551,42.7072,55.17,73,42,5.28
79,Harqalah,TN,2022-06-21 03:54:33,36.0303,10.509,69.66,72,0,2.3
80,Rocha,UY,2022-06-21 03:54:34,-34.4833,-54.3333,43.59,72,100,5.73
81,Doha,QA,2022-06-21 03:54:34,25.2867,51.5333,96.78,43,2,4.61
82,Aonla,IN,2022-06-21 03:54:35,28.2833,79.15,94.32,33,0,7.25
83,Kalety,PL,2022-06-21 03:54:35,50.5627,18.8926,54.9,93,40,11.5
84,Hithadhoo,MV,2022-06-21 03:54:36,-0.6,73.0833,83.26,72,56,12.01
85,Kalutara,LK,2022-06-21 03:54:36,6.5831,79.9593,82.13,81,88,12.1
86,Solotcha,RU,2022-06-21 03:54:37,54.7917,39.8442,56.77,83,87,2.37
87,Narasimharajapura,IN,2022-06-21 03:54:37,13.6167,75.5167,72.52,87,100,5.03
88,Itaituba,BR,2022-06-21 03:54:38,-4.2761,-55.9836,72.93,88,94,1.03
89,Yar-Sale,RU,2022-06-21 03:54:39,66.8333,70.8333,60.85,93,100,8.55
90,Alta Floresta,BR,2022-06-21 03:52:04,-9.8756,-56.0861,66.76,56,3,2.06
91,Georgetown,MY,2022-06-21 03:54:39,5.4112,100.3354,85.89,78,40,5.75
92,Ocean Springs,US,2022-06-21 03:54:13,30.4113,-88.8278,86.02,75,20,8.05
93,Namibe,AO,2022-06-21 03:54:40,-15.1961,12.1522,58.14,73,0,3.44
94,Thinadhoo,MV,2022-06-21 03:54:41,0.5333,72.9333,83.7,68,27,11.56
95,Rawson,AR,2022-06-21 03:55:41,-43.3002,-65.1023,38.59,78,16,15.99
96,Ponta Do Sol,PT,2022-06-21 03:55:42,32.6667,-17.1,66.7,67,42,6.15
97,Cravo Norte,CO,2022-06-21 03:55:42,6.3017,-70.2041,71.49,95,99,1.88
98,Tasiilaq,GL,2022-06-21 03:55:43,65.6145,-37.6368,38.46,85,98,7.11
99,Dakar,SN,2022-06-21 03:55:17,14.6937,-17.4441,80.73,83,40,6.91
100,Khash,IR,2022-06-21 03:55:44,28.2211,61.2158,75.78,18,0,11.88
101,Kutum,SD,2022-06-21 03:55:44,14.2,24.6667,74.86,52,30,3.31
102,Mwene-Ditu,CD,2022-06-21 03:55:45,-7.0,23.45,64.81,65,6,4.12
103,Krasnoselkup,RU,2022-06-21 03:55:45,65.7,82.4667,79.41,37,55,12.41
104,Faro,PT,2022-06-21 03:55:46,37.0194,-7.9322,62.19,72,0,3.44
105,Llangefni,GB,2022-06-21 03:55:47,53.2556,-4.3106,55.72,85,40,10.36
106,Luba,GQ,2022-06-21 03:55:47,3.4568,8.5547,69.69,83,52,6.46
107,South Venice,US,2022-06-21 03:55:48,27.0531,-82.4243,80.01,90,75,11.5
108,Kyabe,TD,2022-06-21 03:55:48,9.4515,18.9449,74.17,80,100,4.63
109,Hobyo,SO,2022-06-21 03:55:49,5.3505,48.5268,78.53,76,79,24.25
110,Najran,SA,2022-06-21 03:55:50,17.4924,44.1277,77.65,18,98,4.83
111,Talcahuano,CL,2022-06-21 03:55:50,-36.7167,-73.1167,51.48,87,100,9.22
112,Piranshahr,IR,2022-06-21 03:55:51,36.701,45.1413,77.32,21,0,1.21
113,Dalbeattie,GB,2022-06-21 03:55:51,54.9328,-3.8227,54.84,89,81,3.29
114,Cidreira,BR,2022-06-21 03:55:52,-30.1811,-50.2056,59.61,80,80,11.7
115,Tuljapur,IN,2022-06-21 03:55:52,18.0,76.0833,79.16,64,100,8.84
116,Ghanzi,BW,2022-06-21 03:55:53,-21.5667,21.7833,60.01,40,92,9.55
117,Krasnyy Yar,RU,2022-06-21 03:55:53,46.5331,48.3456,76.93,29,0,10.0
118,Suleja,NG,2022-06-21 03:55:54,9.1758,7.1808,70.05,92,79,2.71
119,Karoi,ZW,2022-06-21 03:55:54,-16.8099,29.6925,45.32,93,0,6.26
120,Praia,CV,2022-06-21 03:55:55,14.9215,-23.5087,75.74,94,75,8.05
121,Chuy,UY,2022-06-21 03:55:55,-33.6971,-53.4616,47.61,83,100,5.91
122,Cavalcante,BR,2022-06-21 03:55:56,-13.7975,-47.4583,63.75,48,1,4.05
123,Kruisfontein,ZA,2022-06-21 03:55:56,-34.0033,24.7314,51.89,81,45,5.97
124,Darnah,LY,2022-06-21 03:55:57,32.767,22.6367,71.76,73,0,10.65
125,Copiapo,CL,2022-06-21 03:55:57,-27.3667,-70.3333,51.49,95,55,1.45
126,Ystad,SE,2022-06-21 03:55:58,55.4297,13.8204,54.34,90,73,13.65
127,Santa Lucia,ES,2022-06-21 03:55:58,27.9117,-15.5407,63.77,83,75,17.27
128,Puerto Quijarro,BO,2022-06-21 03:55:59,-17.7833,-57.7667,69.89,74,1,0.87
129,Comodoro Rivadavia,AR,2022-06-21 03:55:59,-45.8667,-67.5,35.46,64,75,11.5
130,Ibaiti,BR,2022-06-21 03:56:00,-23.8486,-50.1878,54.59,96,4,2.62
131,Nisia Floresta,BR,2022-06-21 03:56:00,-6.0911,-35.2086,75.58,89,22,6.71
132,Bandarbeyla,SO,2022-06-21 03:56:01,9.4942,50.8122,82.56,58,82,30.56
133,Valparaiso,CL,2022-06-21 03:52:55,-33.0393,-71.6273,55.04,86,75,5.75
134,Pedasi,PA,2022-06-21 03:56:02,7.5333,-80.0333,76.06,82,78,6.35
135,Luderitz,NA,2022-06-21 03:56:02,-26.6481,15.1594,56.68,62,96,9.01
136,Nuuk,GL,2022-06-21 03:56:03,64.1835,-51.7216,31.87,91,100,21.0
137,Oranjemund,NA,2022-06-21 03:56:03,-28.55,16.4333,53.42,75,54,3.0
138,Nerl,RU,2022-06-21 03:56:04,56.6628,40.3893,56.43,76,99,4.54
139,Lukovetskiy,RU,2022-06-21 03:57:04,64.2956,41.9211,46.06,78,86,4.83
140,Husavik,IS,2022-06-21 03:57:05,66.0449,-17.3389,46.18,71,21,6.06
141,East London,ZA,2022-06-21 03:56:56,-33.0153,27.9116,61.74,82,0,6.91
142,Atasu,KZ,2022-06-21 03:57:06,48.6814,71.6433,75.61,51,17,12.73
143,Richards Bay,ZA,2022-06-21 03:57:06,-28.783,32.0377,64.92,71,100,2.24
144,Trinidad,BO,2022-06-21 03:57:07,-14.8333,-64.9,72.32,80,40,4.18
145,Usinsk,RU,2022-06-21 03:57:07,65.9939,57.5281,63.21,61,53,19.98
146,Terrasini,IT,2022-06-21 03:57:08,38.146,13.0844,76.6,60,0,2.57
147,Salalah,OM,2022-06-21 03:57:08,17.0151,54.0924,81.88,82,100,9.64
148,Bavly,RU,2022-06-21 03:57:09,54.393,53.2602,55.92,78,7,16.67
149,Giyon,ET,2022-06-21 03:57:09,8.5333,37.9833,56.64,93,96,1.81
150,Thompson,CA,2022-06-21 03:57:10,55.7435,-97.8558,57.36,82,75,6.91
151,Otukpo,NG,2022-06-21 03:57:10,7.1913,8.1329,70.18,98,75,5.91
152,Tenenkou,ML,2022-06-21 03:57:11,14.4572,-4.9169,84.85,45,74,8.68
153,Cayenne,GF,2022-06-21 03:57:11,4.9333,-52.3333,77.09,1,0,0.0
154,Adrar,MR,2022-06-21 03:57:12,20.5022,-10.0711,77.43,67,99,6.53
155,Bad Frankenhausen,DE,2022-06-21 03:57:12,51.35,11.1,48.94,83,0,4.36
156,Thomaston,US,2022-06-21 03:57:13,32.8882,-84.3266,75.09,61,0,0.0
157,Calvinia,ZA,2022-06-21 03:57:13,-31.4707,19.776,51.58,73,100,7.56
158,Laguna,US,2022-06-21 03:57:14,38.421,-121.4238,86.18,23,0,5.75
159,Adre,TD,2022-06-21 03:57:15,13.4667,22.2,79.63,49,99,6.06
160,Coruripe,BR,2022-06-21 03:57:15,-10.1256,-36.1756,73.54,88,29,8.16
161,Olinda,BR,2022-06-21 03:57:16,-8.0089,-34.8553,80.33,74,40,9.22
162,Sainte-Rose,GP,2022-06-21 03:57:16,16.3324,-61.6979,75.24,88,0,1.14
163,Qarqin,AF,2022-06-21 03:57:17,37.4185,66.0436,83.71,21,15,10.16
164,Canto Do Buriti,BR,2022-06-21 03:57:17,-8.11,-42.9444,73.09,63,38,6.38
165,Kasongo,CD,2022-06-21 03:57:18,-4.45,26.6667,67.53,81,66,0.85
166,Damghan,IR,2022-06-21 03:57:19,36.1683,54.348,73.08,33,0,2.44
167,Chicama,PE,2022-06-21 03:57:19,-7.8447,-79.1469,57.74,85,35,6.24
168,Ilinge,ZA,2022-06-21 03:57:20,-31.9768,27.0427,40.98,94,12,2.57
169,Nara,JP,2022-06-21 03:57:20,34.6851,135.8049,76.37,80,100,3.4
170,Mana,GF,2022-06-21 03:57:21,5.6592,-53.7767,76.17,88,82,5.59
171,Saint-Georges,GD,2022-06-21 03:57:21,12.0564,-61.7485,80.28,83,40,11.5
172,Nagykoros,HU,2022-06-21 03:57:22,47.0342,19.7786,73.06,64,0,16.11
173,Marrakesh,MA,2022-06-21 03:54:02,31.6315,-8.0083,69.87,64,20,5.75
174,Saint George,US,2022-06-21 03:57:22,37.1041,-113.5841,72.18,11,0,4.03
175,Itarema,BR,2022-06-21 03:57:23,-2.9248,-39.9167,75.51,81,73,11.74
176,Foeni,RO,2022-06-21 03:57:23,47.7,22.3833,69.94,65,60,9.22
177,Eyl,SO,2022-06-21 03:57:24,7.9803,49.8164,80.94,60,24,30.67
178,Havoysund,NO,2022-06-21 03:57:24,70.9963,24.6622,53.83,67,100,17.36
179,Togur,RU,2022-06-21 03:57:25,58.3631,82.8265,73.92,55,7,6.46
180,Margate,GB,2022-06-21 03:57:25,51.3813,1.3862,53.69,91,39,1.01
181,Vila Velha,BR,2022-06-21 03:53:52,-20.3297,-40.2925,67.95,88,75,4.61
182,Yambio,SS,2022-06-21 03:57:26,4.5721,28.3955,64.06,98,87,3.31
183,Arlit,NE,2022-06-21 03:57:27,18.7369,7.3853,88.66,16,2,2.73
184,Crotone,IT,2022-06-21 03:57:27,39.0851,17.1178,73.18,56,0,1.74
185,Sassandra,CI,2022-06-21 03:58:28,4.95,-6.0833,73.76,94,100,3.33
186,Abyek,IR,2022-06-21 03:58:28,36.0667,50.55,71.26,28,1,12.88
187,Sao Filipe,CV,2022-06-21 03:58:28,14.8961,-24.4956,73.89,93,42,4.74
188,La Macarena,CO,2022-06-21 03:58:29,2.1837,-73.7849,69.69,100,99,2.37
189,Ndele,CF,2022-06-21 03:58:30,8.4109,20.6473,66.9,98,99,5.06
190,Chapais,CA,2022-06-21 03:58:30,49.7834,-74.8492,62.38,52,100,6.67
191,Iralaya,HN,2022-06-21 03:58:31,15.0,-83.2333,79.79,84,100,15.19
192,Hambantota,LK,2022-06-21 03:58:31,6.1241,81.1185,84.54,79,20,11.5
193,Bibiani,GH,2022-06-21 03:58:32,6.4635,-2.3194,69.8,100,71,1.74
194,Ilulissat,GL,2022-06-21 03:58:32,69.2167,-51.1,31.32,92,100,7.4
195,Dhali,IN,2022-06-21 03:58:33,10.5,77.1667,83.28,56,99,9.91
196,Mafinga,TZ,2022-06-21 03:58:33,-7.25,35.0667,55.11,70,9,4.09
197,Delta Del Tigre,UY,2022-06-21 03:58:34,-34.7633,-56.3853,48.88,69,100,7.76
198,Camocim,BR,2022-06-21 03:58:34,-2.9022,-40.8411,74.66,85,59,9.24
199,Sedan,FR,2022-06-21 03:58:35,49.6667,5.0,54.72,76,98,5.82
200,La Rioja,ES,2022-06-21 03:58:35,42.25,-2.5,55.18,76,76,4.88
201,Conneaut,US,2022-06-21 03:58:36,41.9476,-80.5542,68.41,75,93,11.81
202,Coquimbo,CL,2022-06-21 03:57:58,-29.9533,-71.3436,51.53,76,100,2.3
203,Carutapera,BR,2022-06-21 03:58:36,-1.195,-46.02,73.18,94,19,3.62
204,Michigan City,US,2022-06-21 03:56:04,41.7075,-86.895,76.87,53,0,4.61
205,Biltine,TD,2022-06-21 03:58:37,14.5333,20.9167,83.26,43,62,12.68
206,Beloha,MG,2022-06-21 03:58:38,-25.1667,45.05,65.48,61,57,8.95
207,Moose Factory,CA,2022-06-21 03:58:38,51.2585,-80.6094,62.6,94,100,4.61
208,Monte Alegre,BR,2022-06-21 03:58:39,-2.0078,-54.0692,72.37,95,56,3.09
209,Chimbote,PE,2022-06-21 03:58:39,-9.0853,-78.5783,61.63,89,23,9.93
210,Mandal,IN,2022-06-21 03:58:40,25.45,74.5667,86.67,58,7,8.52
211,Qasigiannguit,GL,2022-06-21 03:58:40,68.8193,-51.1922,33.13,88,100,8.97
212,Sabha,LY,2022-06-21 03:58:41,27.0377,14.4283,81.48,18,0,3.69
213,Ust-Kulom,RU,2022-06-21 03:58:41,61.6864,53.6902,58.05,89,100,9.1
214,Sagua La Grande,CU,2022-06-21 03:58:42,22.8067,-80.0756,77.59,83,95,6.2
215,Mitha Tiwana,PK,2022-06-21 03:58:42,32.2486,72.1108,82.8,51,99,8.99
216,Raisinghnagar,IN,2022-06-21 03:58:43,29.5358,73.4492,87.3,43,77,8.66
217,Witu,KE,2022-06-21 03:58:43,-2.3889,40.4382,76.6,74,7,11.36
218,Horadiz,AZ,2022-06-21 03:58:44,39.4488,47.3353,68.77,59,0,5.88
219,Morondava,MG,2022-06-21 03:58:44,-20.2833,44.2833,65.82,67,0,7.38
220,Awjilah,LY,2022-06-21 03:57:33,29.1081,21.2869,77.81,35,0,8.08
221,Saint-Denis,FR,2022-06-21 03:55:53,48.9167,2.3333,62.38,79,75,12.66
222,Kangundo,KE,2022-06-21 03:58:46,-1.2979,37.3471,53.94,94,55,2.68
223,Novyy Oskol,RU,2022-06-21 03:58:46,50.7631,37.8691,66.06,73,0,7.74
224,Arona,ES,2022-06-21 03:58:47,28.0996,-16.681,64.81,76,40,11.5
225,Bridlington,GB,2022-06-21 03:58:47,54.0831,-0.1919,52.9,83,14,8.08
226,Aksarka,RU,2022-06-21 03:58:48,66.5606,67.7975,57.99,97,100,10.11
227,Soyo,AO,2022-06-21 03:58:48,-6.1349,12.3689,70.72,83,49,8.95
228,Grand Gaube,MU,2022-06-21 03:58:49,-20.0064,57.6608,68.4,66,9,3.0
229,Tocopilla,CL,2022-06-21 03:58:49,-22.092,-70.1979,56.73,70,11,0.72
230,Vista Hermosa,MX,2022-06-21 03:58:50,19.5167,-99.2167,65.55,61,100,9.04
231,Hamilton,US,2022-06-21 03:59:50,39.1834,-84.5333,70.0,76,93,3.04
232,Glace Bay,CA,2022-06-21 03:59:05,46.1969,-59.957,51.58,93,20,9.22
233,Copacabana,CO,2022-06-21 03:59:51,6.3463,-75.5089,66.63,98,100,1.97
234,Roald,NO,2022-06-21 03:59:52,62.5833,6.1333,59.16,93,100,17.27
235,Mbouda,CM,2022-06-21 03:59:52,5.6258,10.2552,60.82,93,100,1.86
236,Santiago,CL,2022-06-21 03:56:40,-33.4569,-70.6483,52.18,68,75,0.0
237,Ciudad Real,ES,2022-06-21 03:59:53,39.0,-4.0,62.06,44,1,4.0
238,Teguise,ES,2022-06-21 03:59:53,29.0605,-13.564,66.42,78,40,14.97
239,Halifax,CA,2022-06-21 03:56:11,44.6453,-63.5724,54.34,89,75,8.05
240,Mayumba,GA,2022-06-21 03:59:54,-3.432,10.6554,69.85,90,45,10.16
241,Torbay,CA,2022-06-21 03:59:09,47.6666,-52.7314,56.17,95,100,16.11
242,Surt,LY,2022-06-21 03:59:55,31.2089,16.5887,73.4,76,0,9.66
243,Iqaluit,CA,2022-06-21 03:59:55,63.7506,-68.5145,44.33,70,20,9.22
244,Camacha,PT,2022-06-21 03:55:33,33.0833,-16.3333,62.02,72,40,11.5
245,Muyuka,CM,2022-06-21 03:59:56,4.2898,9.4103,74.8,93,91,0.92
246,Altoona,US,2022-06-21 03:55:02,40.5187,-78.3947,65.64,63,100,3.0
247,Aneho,TG,2022-06-21 03:59:57,6.2333,1.6,77.2,86,78,7.05
248,Saurimo,AO,2022-06-21 03:59:57,-9.6608,20.3916,56.32,54,0,1.95
249,Sisimiut,GL,2022-06-21 03:59:58,66.9395,-53.6735,34.48,95,100,7.83
250,Kaz,RU,2022-06-21 03:59:58,52.9113,87.3105,72.39,54,16,2.33
251,Porto Belo,BR,2022-06-21 03:59:59,-27.1578,-48.5531,58.15,93,27,4.52
252,Taranagar,IN,2022-06-21 03:59:59,28.6709,75.0351,88.39,42,29,5.01
253,Madimba,TZ,2022-06-21 04:00:00,-10.4,40.3333,70.92,94,20,18.41
254,Hazorasp,UZ,2022-06-21 04:00:01,41.3194,61.0742,78.64,27,3,5.32
255,Gornyy,RU,2022-06-21 04:00:01,55.1153,83.9059,67.33,68,11,5.53
256,Kudahuvadhoo,MV,2022-06-21 04:00:03,2.6708,72.8944,83.71,71,95,11.74
257,Petauke,ZM,2022-06-21 04:00:03,-14.2426,31.3253,53.31,90,1,11.45
258,Carnarvon,AU,2022-06-21 04:00:04,-24.8667,113.6333,74.05,41,0,10.92
259,Kandi,BJ,2022-06-21 04:00:06,11.1342,2.9386,73.67,91,91,6.15
260,Karacakoy,TR,2022-06-21 04:00:21,41.4029,28.3834,67.68,87,64,7.54
261,Port Blair,IN,2022-06-21 03:59:10,11.6667,92.75,86.04,74,75,9.22
262,Sylva,RU,2022-06-21 03:56:43,58.0348,56.7635,56.57,97,99,8.16
263,The Valley,AI,2022-06-21 04:00:39,18.217,-63.0578,81.82,71,0,12.03
264,Ribeira Brava,PT,2022-06-21 04:00:51,32.65,-17.0667,66.7,68,48,6.33
265,Florestopolis,BR,2022-06-21 04:01:03,-22.8633,-51.3872,59.81,95,0,6.08
266,Marsh Harbour,BS,2022-06-21 04:00:17,26.5412,-77.0636,79.9,72,15,13.44
267,Alto Araguaia,BR,2022-06-21 04:01:17,-17.3147,-53.2153,67.08,55,3,3.04
268,Vila Franca Do Campo,PT,2022-06-21 03:57:54,37.7167,-25.4333,66.2,90,81,7.18
269,Bardiyah,LY,2022-06-21 04:01:23,31.7561,25.0865,71.62,71,0,8.21
270,Dwarka,IN,2022-06-21 04:01:24,22.2394,68.9678,85.84,72,15,21.16
271,Jumla,NP,2022-06-21 04:01:24,29.2747,82.1838,71.08,47,39,4.18
272,Podgornoye,RU,2022-06-21 04:01:25,51.735,39.1496,70.02,68,0,0.0
273,Suez,EG,2022-06-21 04:01:20,29.9737,32.5263,69.62,78,0,4.79
274,Praia Da Vitoria,PT,2022-06-21 04:01:27,38.7333,-27.0667,64.76,87,85,17.94
275,Makat,KZ,2022-06-21 04:01:28,47.6469,53.3463,85.14,28,0,13.56
276,Upington,ZA,2022-06-21 04:01:29,-28.4478,21.2561,53.98,84,100,3.89
277,Souillac,MU,2022-06-21 04:01:30,-20.5167,57.5167,70.18,56,20,8.05
278,Meybod,IR,2022-06-21 04:01:30,32.2501,54.0166,80.62,20,0,7.27
279,Oyugis,KE,2022-06-21 04:01:31,-0.509,34.7358,57.61,85,91,5.46
280,Trujillo,PE,2022-06-21 04:02:31,-8.116,-79.03,62.74,87,45,6.87
281,Santa Catalina,PH,2022-06-21 04:02:32,9.3337,122.8637,81.68,79,100,3.29
282,General Roca,AR,2022-06-21 04:02:32,-39.0333,-67.5833,42.62,38,100,16.15
283,Akureyri,IS,2022-06-21 04:02:33,65.6835,-18.0878,47.66,81,32,4.59
284,Humaita,BR,2022-06-21 04:02:34,-7.5061,-63.0208,75.7,70,85,0.94
285,Muscat,OM,2022-06-21 03:57:42,23.6139,58.5922,97.86,43,7,4.92
286,Inirida,CO,2022-06-21 04:02:34,3.8653,-67.9239,69.96,99,99,1.23
287,Achit,RU,2022-06-21 04:02:35,56.7985,57.8994,51.01,98,100,11.45
288,Grindavik,IS,2022-06-21 04:02:35,63.8424,-22.4338,41.47,100,75,2.3
289,Bathsheba,BB,2022-06-21 04:02:36,13.2167,-59.5167,79.03,84,84,16.04
290,Priekule,LV,2022-06-21 04:02:37,56.4468,21.5897,52.92,97,100,5.93
291,Cusco,PE,2022-06-21 04:02:37,-13.5183,-71.9781,39.43,75,98,0.0
292,Steinhagen,DE,2022-06-21 04:02:38,52.0,8.4,48.22,96,17,4.27
293,Bambous Virieux,MU,2022-06-21 04:02:39,-20.3428,57.7575,70.05,56,20,8.05
294,Sao Joao Da Barra,BR,2022-06-21 04:02:39,-21.6403,-41.0511,69.35,88,3,6.38
295,Leh,IN,2022-06-21 04:02:40,34.1667,77.5833,53.01,37,86,3.78
296,Pandrup,DK,2022-06-21 04:02:40,57.2215,9.6757,53.94,94,20,12.66
297,Luwingu,ZM,2022-06-21 04:02:41,-10.2621,29.9271,45.63,92,6,3.96
298,Odienne,CI,2022-06-21 04:02:41,9.51,-7.5692,70.81,95,100,2.84
299,Kollam,IN,2022-06-21 04:01:57,8.8833,76.6,80.71,77,97,10.74
300,Saint Anthony,US,2022-06-21 04:02:42,45.0205,-93.218,89.49,55,0,19.57
301,Bako,ET,2022-06-21 04:02:43,5.7833,36.5667,61.25,79,64,3.62
302,Shakawe,BW,2022-06-21 04:02:43,-18.3667,21.85,59.76,46,4,12.33
303,Cap Malheureux,MU,2022-06-21 04:02:44,-19.9842,57.6142,67.46,65,7,3.0
304,Sao Gabriel Da Cachoeira,BR,2022-06-21 04:02:44,-0.1303,-67.0892,70.83,99,100,2.17
305,Szczecinek,PL,2022-06-21 04:02:45,53.7079,16.6994,49.71,97,100,7.76
306,Road Town,VG,2022-06-21 04:02:45,18.4167,-64.6167,80.92,72,0,13.78
307,Yarada,IN,2022-06-21 04:02:46,17.65,83.2667,79.12,94,75,4.61
308,Polican,AL,2022-06-21 04:02:46,40.6122,20.0981,63.63,64,0,4.09
309,Englewood,US,2022-06-21 03:57:52,39.6478,-104.9878,74.84,16,49,1.99
310,Constitucion,CL,2022-06-21 04:02:47,-35.3333,-72.4167,50.16,80,100,6.96
311,Riyadh,SA,2022-06-21 04:01:57,24.6877,46.7219,94.3,7,5,10.33
312,Mahajanga,MG,2022-06-21 04:02:48,-15.7167,46.3167,68.02,73,20,6.91
313,Muros,ES,2022-06-21 04:02:48,42.7762,-9.0603,59.09,90,78,12.19
314,Mikhaylovka,RU,2022-06-21 04:02:49,50.06,43.2379,74.7,65,0,5.28
315,Yellandu,IN,2022-06-21 04:02:49,17.6,80.3333,79.68,77,100,7.31
316,Charlottesville,US,2022-06-21 03:58:52,38.0293,-78.4767,66.02,85,100,1.61
317,Changji,CN,2022-06-21 04:02:50,44.0167,87.3167,88.59,19,0,4.47
318,Mongomo,GQ,2022-06-21 04:02:50,1.6274,11.3135,66.97,98,94,1.72
319,Teeli,RU,2022-06-21 04:02:51,51.0333,90.2333,69.06,45,54,4.92
320,Novotitarovskaya,RU,2022-06-21 04:02:51,45.2356,38.9792,71.71,49,23,8.28
321,Waddan,LY,2022-06-21 04:01:25,29.1614,16.139,74.52,44,0,4.61
322,Vukovar,HR,2022-06-21 04:02:53,45.3433,18.9997,71.08,83,0,6.91
323,Lovozero,RU,2022-06-21 04:02:53,68.005,35.0117,43.16,82,91,3.02
324,Santa Rosa,PH,2022-06-21 03:59:15,14.3122,121.1114,90.1,68,42,9.35
325,Concordia Sagittaria,IT,2022-06-21 04:03:54,45.7594,12.8406,74.25,91,0,4.92
326,San Jose,US,2022-06-21 04:02:31,37.3394,-121.895,77.68,47,20,12.66
327,Senanga,ZM,2022-06-21 04:03:55,-16.1167,23.2667,53.89,58,1,6.64
328,Den Helder,NL,2022-06-21 04:03:55,52.9599,4.7593,51.78,96,49,5.99
329,Nouadhibou,MR,2022-06-21 04:03:56,20.931,-17.0347,66.22,99,79,4.0
330,Mach,PK,2022-06-21 04:03:56,29.8637,67.3298,79.38,31,0,4.36
331,Mende,FR,2022-06-21 04:03:57,44.6667,3.5,52.7,95,92,4.14
332,Stephenville,US,2022-06-21 04:01:24,32.2207,-98.2023,88.81,43,40,10.36
333,Maltahohe,NA,2022-06-21 04:03:57,-24.8333,16.9833,34.2,89,17,5.95
334,Coihaique,CL,2022-06-21 03:59:02,-45.5752,-72.0662,32.61,93,20,3.44
335,Balashov,RU,2022-06-21 04:03:58,51.5502,43.1667,70.56,87,21,4.18
336,Bereda,ES,2022-06-21 04:03:59,43.2686,-7.5406,52.14,100,50,1.59
337,Ercis,TR,2022-06-21 04:02:52,39.0287,43.3586,70.32,27,0,2.19
338,Gap,FR,2022-06-21 04:04:00,44.6667,6.0,51.84,63,59,4.59
339,Port-Cartier,CA,2022-06-21 04:04:00,50.0334,-66.8654,41.76,86,1,5.64
340,Pallasovka,RU,2022-06-21 04:04:01,50.05,46.8833,74.44,68,0,2.42
341,Volokolamsk,RU,2022-06-21 04:04:01,56.0336,35.9694,54.03,84,100,3.44
342,Olafsvik,IS,2022-06-21 04:04:02,64.8945,-23.7142,47.19,76,54,5.55
343,Khromtau,KZ,2022-06-21 04:04:02,50.2503,58.4347,62.06,85,76,14.12
344,Springfield,US,2022-06-21 04:01:30,37.2153,-93.2982,78.66,68,0,9.22
345,Miranda,CO,2022-06-21 04:04:03,3.2499,-76.2281,65.93,95,98,1.3
346,Kilindoni,TZ,2022-06-21 04:04:04,-7.9139,39.6668,76.32,78,13,18.99
347,Segovia,ES,2022-06-21 04:04:04,41.1667,-4.0,52.43,65,95,3.65
348,Kayerkan,RU,2022-06-21 04:04:05,69.3497,87.7602,77.52,38,100,14.47
349,Kasane,BW,2022-06-21 04:04:05,-17.8167,25.15,55.26,42,0,9.78
350,Mehamn,NO,2022-06-21 04:04:06,71.0357,27.8492,53.55,62,0,13.8
351,Paamiut,GL,2022-06-21 04:04:06,61.994,-49.6678,37.36,91,100,13.69
352,Pavlodar,KZ,2022-06-21 04:04:07,52.3,76.95,76.8,53,40,8.95
353,Santa Vitoria Do Palmar,BR,2022-06-21 04:04:07,-33.5189,-53.3681,48.2,83,100,6.08
354,Voitsberg,AT,2022-06-21 04:04:08,47.0333,15.15,64.51,64,3,4.27
355,Bonthe,SL,2022-06-21 04:04:08,7.5264,-12.505,77.34,86,100,5.48
356,Lundazi,ZM,2022-06-21 04:04:09,-12.2929,33.1782,52.63,90,4,8.28
357,Poopo,BO,2022-06-21 04:04:09,-18.3667,-66.9667,35.76,39,77,1.19
358,Acarau,BR,2022-06-21 04:01:21,-2.8856,-40.12,76.05,80,60,11.86
359,Beyneu,KZ,2022-06-21 04:04:10,45.3167,55.2,82.35,35,0,11.79
360,Samfya,ZM,2022-06-21 04:04:11,-11.3649,29.5565,50.95,76,5,7.52
361,Taperoa,BR,2022-06-21 04:04:11,-7.2075,-36.8267,67.06,93,72,11.16
362,Tsaratanana,MG,2022-06-21 04:04:12,-16.7833,47.65,63.34,77,1,9.13
363,Port Antonio,JM,2022-06-21 04:04:12,18.18,-76.4612,80.01,82,100,1.21
364,Sao Tome,ST,2022-06-21 04:04:13,0.3365,6.7273,74.53,81,98,11.27
365,Marawi,PH,2022-06-21 04:04:13,7.9986,124.2928,73.83,90,100,2.28
366,Lerwick,GB,2022-06-21 04:04:14,60.1545,-1.1494,50.0,96,100,12.26
367,Turukhansk,RU,2022-06-21 04:04:14,65.8167,87.9833,80.31,42,45,12.86
368,Estelle,US,2022-06-21 04:04:15,29.8458,-90.1067,87.8,72,75,6.91
369,Zaranj,AF,2022-06-21 04:04:15,30.9667,61.8833,83.91,16,0,29.89
370,Aktau,KZ,2022-06-21 04:04:16,43.65,51.2,75.78,38,5,9.51
371,Bage,BR,2022-06-21 04:04:16,-31.3314,-54.1069,53.38,82,0,14.97
372,Ancud,CL,2022-06-21 04:05:17,-41.8697,-73.8203,39.22,86,70,7.92
373,Titisee-Neustadt,DE,2022-06-21 04:05:17,47.9,8.1667,56.16,95,97,3.18
374,Dogondoutchi,NE,2022-06-21 04:05:18,13.6393,4.0287,83.23,56,61,13.65
375,Astana,KZ,2022-06-21 04:05:19,51.1801,71.446,76.95,47,0,8.95
376,Henties Bay,NA,2022-06-21 04:05:19,-22.116,14.2845,53.01,84,0,5.46
377,Aspindza,GE,2022-06-21 04:05:20,41.5739,43.2483,66.16,77,0,3.8
378,Monte Aprazivel,BR,2022-06-21 04:05:20,-20.7725,-49.7142,66.74,65,0,4.03
379,Belyy Yar,RU,2022-06-21 04:05:21,53.6039,91.3903,69.85,68,0,4.47
380,Pisco,PE,2022-06-21 04:05:21,-13.7,-76.2167,58.01,88,11,4.61
381,Santa Ana,US,2022-06-21 04:03:27,33.7456,-117.8678,85.71,61,0,6.91
382,Taoudenni,ML,2022-06-21 04:05:22,22.6783,-3.9836,89.98,36,70,6.96
383,Zinder,NE,2022-06-21 04:05:22,13.8072,8.9881,85.1,24,1,11.21
384,Roseto Degli Abruzzi,IT,2022-06-21 04:05:23,42.6664,14.0227,71.85,52,1,4.5
385,Sayyan,YE,2022-06-21 04:05:23,15.1718,44.3244,69.76,31,92,4.25
386,Meulaboh,ID,2022-06-21 04:05:24,4.1363,96.1285,75.56,89,100,4.76
387,Pangody,RU,2022-06-21 04:05:24,65.85,74.4859,80.26,31,19,19.26
388,Port-Gentil,GA,2022-06-21 04:04:33,-0.7193,8.7815,73.02,83,59,15.55
389,Saint-Joseph,RE,2022-06-21 04:03:21,-21.3667,55.6167,62.98,69,22,8.32
390,Yurga,RU,2022-06-21 04:05:26,55.7231,84.8861,67.33,72,15,6.49
391,Caala,AO,2022-06-21 04:05:26,-12.8525,15.5606,48.49,52,0,2.1
392,Qaqortoq,GL,2022-06-21 04:05:27,60.7167,-46.0333,37.35,96,100,4.65
393,La Palma,US,2022-06-21 04:05:27,33.8464,-118.0467,86.81,67,0,6.91
394,Urumqi,CN,2022-06-21 04:05:27,43.801,87.6005,85.15,19,0,4.47
395,Saint-Michel-Des-Saints,CA,2022-06-21 04:05:28,46.6834,-73.9159,56.93,81,87,2.39
396,Sembe,CG,2022-06-21 04:05:28,1.6481,14.5806,68.74,98,100,2.04
397,Hualmay,PE,2022-06-21 04:05:29,-11.0964,-77.6139,61.39,82,48,11.95
398,Honnali,IN,2022-06-21 04:05:29,14.25,75.6667,75.92,79,100,10.69
399,Cheremnoye,RU,2022-06-21 04:05:30,53.1697,83.2133,72.19,63,12,6.44
400,Kitui,KE,2022-06-21 04:05:30,-1.367,38.0106,60.67,87,95,4.63
401,Barvinkove,UA,2022-06-21 04:05:31,48.9097,37.0205,69.78,65,0,7.94
402,Strzelce Opolskie,PL,2022-06-21 04:05:32,50.5107,18.3006,53.76,86,8,13.0
403,Keetmanshoop,NA,2022-06-21 04:05:32,-26.5833,18.1333,42.13,77,4,4.88
404,Saqqez,IR,2022-06-21 04:05:32,36.2499,46.2735,80.22,16,0,2.08
405,Suruc,TR,2022-06-21 04:05:33,36.9761,38.425,73.31,58,0,15.3
406,Shelburne,CA,2022-06-21 04:01:22,44.0787,-80.2041,63.59,74,62,7.87
407,Maniitsoq,GL,2022-06-21 04:05:34,65.4167,-52.9,35.56,89,100,4.74
408,Santo Tomas,PH,2022-06-21 04:05:34,14.1079,121.1414,88.56,52,61,6.89
409,Kapuskasing,CA,2022-06-21 04:05:35,49.4169,-82.4331,62.69,77,75,14.97
410,Porto Murtinho,BR,2022-06-21 04:05:35,-21.6989,-57.8825,72.54,66,0,7.56
411,Manzil Salim,TN,2022-06-21 04:05:36,35.8567,8.4765,73.42,48,0,4.7
412,Villa Rica,US,2022-06-21 04:02:25,33.7321,-84.9191,79.39,96,91,1.66
413,Sambava,MG,2022-06-21 04:05:42,-14.2667,50.1667,67.19,80,2,10.2
414,Tutoia,BR,2022-06-21 04:05:42,-2.7619,-42.2744,74.95,87,25,5.75
415,Kamenka,RU,2022-06-21 04:05:43,51.3223,42.7678,70.2,84,3,5.3
416,Stornoway,GB,2022-06-21 04:05:43,58.2093,-6.3865,53.56,95,100,2.3
417,Mpanda,TZ,2022-06-21 04:05:44,-6.3655,31.0409,56.48,74,8,0.78
418,Lalas,GR,2022-06-21 04:05:44,37.7167,21.7167,64.81,89,0,3.33
419,Ocean City,US,2022-06-21 04:05:33,39.2776,-74.5746,66.29,81,100,4.0
420,Plettenberg Bay,ZA,2022-06-21 04:05:45,-34.0527,23.3716,57.76,70,67,3.94
421,Kattivakkam,IN,2022-06-21 04:06:46,13.2167,80.3167,82.49,55,100,8.37
422,Summerside,CA,2022-06-21 04:06:46,46.3959,-63.7876,53.11,90,100,12.75
423,Sao Miguel Do Araguaia,BR,2022-06-21 04:06:47,-13.275,-50.1628,70.12,44,3,4.23
424,Brae,GB,2022-06-21 04:06:47,60.3964,-1.353,51.12,97,100,11.3
425,Tazovskiy,RU,2022-06-21 04:06:48,67.4667,78.7,72.91,43,96,9.46
426,Rio Gallegos,AR,2022-06-21 04:02:43,-51.6226,-69.2181,30.04,80,25,11.21
427,Scarborough,GB,2022-06-21 04:04:36,54.2797,-0.4044,52.16,86,10,1.01
428,Raudeberg,NO,2022-06-21 04:06:49,61.9875,5.1352,51.87,92,100,19.17
429,Shache,CN,2022-06-21 04:06:49,38.4167,77.2406,76.19,30,100,8.19
430,Khor,RU,2022-06-21 04:06:50,47.8861,134.9464,62.15,96,100,11.16
431,Salvador,SV,2022-06-21 04:04:09,13.8333,-88.9167,68.05,98,100,1.32
432,Prado,BR,2022-06-21 04:06:51,-17.3411,-39.2208,68.61,91,3,5.03
433,Mpophomeni,ZA,2022-06-21 04:06:51,-29.5682,30.1862,45.28,96,27,2.82
434,Axim,GH,2022-06-21 04:06:52,4.8699,-2.2405,75.18,91,74,5.68
435,Jaguarari,BR,2022-06-21 04:06:52,-10.2639,-40.1958,65.1,97,100,9.46
436,Kargasok,RU,2022-06-21 04:06:53,59.0556,80.8572,74.89,54,5,8.46
437,Porto Seguro,BR,2022-06-21 04:05:28,-16.4497,-39.0647,68.52,100,20,4.61
438,Goderich,CA,2022-06-21 04:02:20,43.7501,-81.7165,65.91,91,50,12.84
439,Parfino,RU,2022-06-21 04:06:54,57.9731,31.6481,55.74,79,57,2.19
440,Constantine,DZ,2022-06-21 04:06:54,36.365,6.6147,72.81,33,0,3.44
441,Nioro,GM,2022-06-21 04:06:55,13.35,-15.75,78.39,83,100,2.84
442,Campbeltown,GB,2022-06-21 04:06:55,55.4258,-5.6076,53.65,97,100,5.12
443,Tiznit,MA,2022-06-21 04:06:56,29.5833,-9.5,69.22,66,0,1.86
444,Colares,PT,2022-06-21 04:06:56,38.7992,-9.4469,61.32,75,15,15.99
445,Barraute,CA,2022-06-21 04:06:57,48.4335,-77.6328,59.27,78,88,7.52
446,San Cristobal,VE,2022-06-21 04:06:57,7.7669,-72.225,63.03,92,98,1.88
447,La Asuncion,VE,2022-06-21 04:06:58,11.0333,-63.8628,76.15,86,96,16.02
448,Mandi Bahauddin,PK,2022-06-21 04:06:58,32.5834,73.4843,83.28,49,100,12.88
449,Djambala,CG,2022-06-21 04:06:59,-2.5447,14.7533,66.79,82,85,4.32
450,Chaman,PK,2022-06-21 04:06:59,30.9236,66.4512,75.36,22,0,14.58
451,Lasa,IT,2022-06-21 04:07:00,46.6166,10.7002,60.37,82,19,3.29
452,Rewari,IN,2022-06-21 04:07:01,28.1833,76.6167,91.85,39,18,6.38
453,Mehran,IR,2022-06-21 04:07:01,33.1222,46.1646,101.28,11,0,13.13
454,Pedernales,DO,2022-06-21 04:07:02,18.0384,-71.744,80.83,73,81,7.02
455,Polessk,RU,2022-06-21 04:07:02,54.862,21.1028,52.97,91,100,10.78
456,Peniche,PT,2022-06-21 04:07:03,39.3558,-9.3811,58.44,90,57,6.98
457,Mariinsk,RU,2022-06-21 04:07:03,56.2139,87.7472,67.19,75,64,3.56
458,Matagami,CA,2022-06-21 04:07:04,49.7502,-77.6328,59.0,90,100,10.85
459,Mahenge,TZ,2022-06-21 04:07:04,-8.6833,36.7167,53.29,72,35,1.59
460,Sinnamary,GF,2022-06-21 04:07:05,5.3833,-52.95,76.91,87,10,5.68
461,Madras,IN,2022-06-21 04:07:05,13.0878,80.2785,82.38,94,75,6.91
462,Bay City,US,2022-06-21 04:07:06,43.5945,-83.8889,71.82,75,0,6.91
463,Montepuez,MZ,2022-06-21 04:07:06,-13.1256,38.9997,62.22,88,75,10.49
464,Kansanshi,ZM,2022-06-21 04:07:06,-12.0951,26.4273,45.77,71,67,4.5
465,Intipuca,SV,2022-06-21 04:07:07,13.1969,-88.0544,78.75,96,100,5.39
466,Pravokumskoye,RU,2022-06-21 04:07:08,44.7694,44.6472,76.95,40,4,6.82
467,Conakry,GN,2022-06-21 04:07:08,9.538,-13.6773,78.37,84,94,14.03
468,Gornoye Loo,RU,2022-06-21 04:07:09,43.7129,39.6049,73.18,70,79,0.45
469,Wajir,KE,2022-06-21 04:08:09,1.7471,40.0573,72.18,82,58,9.8
470,Reconquista,AR,2022-06-21 04:04:23,-29.15,-59.65,58.08,83,81,4.76
471,Mangochi,MW,2022-06-21 04:08:14,-14.4782,35.2645,61.36,84,57,7.58
472,Elizabeth City,US,2022-06-21 04:08:14,36.2946,-76.2511,69.82,73,0,3.44
473,Odweyne,SO,2022-06-21 04:08:15,9.4092,45.064,70.61,63,66,22.91
474,Boa Vista,BR,2022-06-21 04:08:15,2.8197,-60.6733,76.98,83,40,2.3
475,Coroico,BO,2022-06-21 04:08:16,-16.1889,-67.7271,58.71,97,89,0.81
476,Vesyegonsk,RU,2022-06-21 04:08:20,58.664,37.2604,53.31,83,99,3.15
477,Pemba,MZ,2022-06-21 04:08:21,-12.974,40.5178,70.75,79,10,15.17
478,Vangaindrano,MG,2022-06-21 04:08:21,-23.35,47.6,65.82,85,90,3.69
479,Bijar,IR,2022-06-21 04:08:22,35.8668,47.6051,72.7,33,0,4.68
480,Abu Kamal,SY,2022-06-21 04:08:22,34.4506,40.9171,81.86,38,0,15.7
481,Sistranda,NO,2022-06-21 04:08:23,63.7256,8.834,51.76,89,100,28.48
482,Horta,PT,2022-06-21 04:08:23,38.5333,-28.6333,64.09,89,94,20.83
483,Gori,GE,2022-06-21 04:08:24,41.9842,44.1158,73.33,54,2,10.96
484,Takoradi,GH,2022-06-21 04:08:24,4.8845,-1.7554,75.22,91,21,6.33
485,Kidal,ML,2022-06-21 04:08:25,18.4411,1.4078,89.56,26,37,5.91
486,Bosaso,SO,2022-06-21 04:08:25,11.2842,49.1816,91.27,37,62,23.29
487,Kantunilkin,MX,2022-06-21 04:08:26,21.0917,-87.45,72.21,97,99,2.82
488,Aksu,CN,2022-06-21 04:08:26,41.1231,80.2644,79.66,25,62,1.79
489,Cururupu,BR,2022-06-21 04:07:08,-1.8283,-44.8683,72.57,96,6,2.53
490,Sabya,SA,2022-06-21 04:08:27,17.1495,42.6254,88.29,61,68,0.85
491,Ouadda,CF,2022-06-21 04:08:27,8.0777,22.4007,64.17,98,65,3.65
492,Covington,US,2022-06-21 04:04:16,39.0837,-84.5086,71.11,76,20,3.44
493,Ipixuna,BR,2022-06-21 04:08:28,-1.7625,-48.8043,72.14,98,29,2.33
494,Sarkand,KZ,2022-06-21 04:08:29,45.41,79.9186,81.61,33,3,7.23
495,Matara,LK,2022-06-21 04:08:29,5.9485,80.5353,81.46,81,79,13.09
496,Bakchar,RU,2022-06-21 04:08:30,57.0186,82.0711,73.04,54,2,5.48
497,Qandala,SO,2022-06-21 04:08:30,11.472,49.8728,91.08,45,44,7.23
498,Dhidhdhoo,MV,2022-06-21 04:08:31,6.8833,73.1,82.72,75,100,15.23
499,Wamba,NG,2022-06-21 04:08:31,8.9333,8.6,69.48,93,21,2.04
500,Virginia Beach,US,2022-06-21 04:04:57,36.8529,-75.978,70.02,72,40,5.75
501,Tucuman,AR,2022-06-21 04:08:32,-26.8241,-65.2226,48.2,81,0,9.22
502,Santa Isabel,BR,2022-06-21 04:08:32,-23.3156,-46.2214,58.3,97,3,2.28
503,Berezniki,RU,2022-06-21 04:08:33,59.4152,56.8124,54.18,96,100,5.59
504,Silifke,TR,2022-06-21 04:08:33,36.3778,33.9344,74.68,78,27,1.63
505,Uvinza,TZ,2022-06-21 04:08:34,-5.1036,30.3911,65.34,64,70,2.77
506,Kang,BW,2022-06-21 04:08:34,-23.6752,22.7876,55.17,58,12,21.0
507,Conde,BR,2022-06-21 04:08:35,-7.2597,-34.9075,72.86,94,40,3.44
508,Presidencia Roque Saenz Pena,AR,2022-06-21 04:08:35,-26.7852,-60.4388,63.3,75,100,2.86
509,Narsaq,GL,2022-06-21 04:08:36,60.9167,-46.05,43.02,96,100,3.09
510,Hare Bay,CA,2022-06-21 04:08:36,48.8499,-54.0148,61.2,99,100,3.65
511,Molochnoye,RU,2022-06-21 04:08:37,59.2917,39.6787,53.89,87,99,7.83
512,Dharchula,IN,2022-06-21 04:08:37,29.85,80.5333,82.04,42,5,5.75
513,Demba,CD,2022-06-21 04:08:38,-5.51,22.2667,64.72,87,5,1.57
514,Kostomuksha,RU,2022-06-21 04:08:38,64.571,30.5767,46.9,83,100,3.4
515,Emba,KZ,2022-06-21 04:08:39,48.8264,58.1442,77.77,48,84,16.02
516,Berlevag,NO,2022-06-21 04:09:39,70.8578,29.0864,53.6,66,100,21.85
517,Bumba,CD,2022-06-21 04:09:40,2.1833,22.4667,69.4,98,100,0.45
518,Filingue,NE,2022-06-21 04:09:40,14.3521,3.3168,84.7,51,64,13.62
519,Abha,SA,2022-06-21 04:05:13,18.2164,42.5053,70.05,35,0,0.0
520,Narasapur,IN,2022-06-21 04:09:41,16.45,81.6667,84.61,70,100,8.95
521,Panguipulli,CL,2022-06-21 04:09:41,-39.6333,-72.3333,44.37,97,100,2.42
522,Gilgit,PK,2022-06-21 04:09:42,35.9221,74.3087,65.26,68,99,1.61
523,Sobradinho,BR,2022-06-21 04:09:42,-12.8333,-39.1,67.26,95,82,3.87
524,Romilly-Sur-Seine,FR,2022-06-21 04:09:43,48.5108,3.7263,58.19,61,99,6.02
525,Pimentel,PE,2022-06-21 04:09:43,-6.8367,-79.9342,62.06,88,53,13.51
526,Cantaura,VE,2022-06-21 04:09:44,9.3057,-64.3584,72.73,87,93,10.22
527,Mikkeli,FI,2022-06-21 04:09:45,61.6886,27.2723,53.71,94,75,4.61
528,Casablanca,MA,2022-06-21 04:09:00,33.5928,-7.6192,68.22,71,5,10.33
529,Oistins,BB,2022-06-21 04:09:45,13.0667,-59.5333,78.89,89,40,14.97
530,Maues,BR,2022-06-21 04:09:46,-3.3836,-57.7186,74.14,91,54,1.12
531,Loiza,PR,2022-06-21 04:09:46,18.4313,-65.8802,79.07,91,40,4.61
532,Trelleborg,SE,2022-06-21 04:09:47,55.3751,13.1569,56.98,84,35,17.27
533,Havelock,US,2022-06-21 04:08:21,34.8791,-76.9013,75.92,79,100,3.76
534,Pritzwalk,DE,2022-06-21 04:09:48,53.1494,12.1741,51.58,94,2,9.71
535,Vernashen,AM,2022-06-21 04:09:48,39.7924,45.3639,70.2,52,2,1.74
536,Bubaque,GW,2022-06-21 04:09:49,11.2833,-15.8333,79.75,78,99,5.77
537,Los Pozos,VE,2022-06-21 04:09:49,8.4518,-62.7268,76.05,95,100,5.19
538,Santhia,IT,2022-06-21 04:09:50,45.3663,8.1726,74.66,89,30,1.74
539,Altay,CN,2022-06-21 04:09:50,47.8667,88.1167,78.04,32,2,7.65
540,Nevsehir,TR,2022-06-21 04:09:51,38.9167,34.6667,63.61,59,40,4.61
541,Gari,RU,2022-06-21 04:09:51,59.4307,62.3497,56.84,95,100,7.56
542,Okahandja,NA,2022-06-21 04:09:52,-21.9833,16.9167,32.61,87,0,0.76
543,Amapa,BR,2022-06-21 04:09:52,1.0,-52.0,69.46,99,11,0.45
544,Atar,MR,2022-06-21 04:09:53,20.5169,-13.0499,77.61,73,78,3.44
545,Nurota,UZ,2022-06-21 04:09:53,40.5614,65.6886,76.86,31,7,9.13
546,Setermoen,NO,2022-06-21 04:09:54,68.861,18.3486,54.43,93,100,5.88
547,Nkhata Bay,MW,2022-06-21 04:09:54,-11.6066,34.2907,63.45,79,1,7.11
548,Cassilandia,BR,2022-06-21 04:04:57,-19.1133,-51.7342,67.73,64,5,3.65
549,Baracoa,CU,2022-06-21 04:08:58,20.3467,-74.4958,79.95,87,100,9.66
550,Marchena,ES,2022-06-21 04:09:56,37.329,-5.4168,62.01,73,25,2.39
551,Andros Town,BS,2022-06-21 04:09:56,24.7,-77.7667,82.36,70,46,9.69
552,Yuzhnyy,RU,2022-06-21 04:09:57,53.2542,83.6936,72.54,56,0,4.47
553,Vestmannaeyjar,IS,2022-06-21 04:09:57,63.4427,-20.2734,48.31,88,100,21.14
554,Inhambane,MZ,2022-06-21 04:09:58,-23.865,35.3833,62.58,88,40,3.44
555,Barra Do Garcas,BR,2022-06-21 04:09:58,-15.89,-52.2567,68.41,45,1,1.95
556,Njombe,TZ,2022-06-21 04:09:59,-9.3333,34.7667,42.1,96,3,5.39
557,Ilo,PE,2022-06-21 04:09:59,-17.6394,-71.3375,60.15,78,66,6.29
558,Ferme-Neuve,CA,2022-06-21 04:10:00,46.7001,-75.4493,55.18,68,35,3.04
559,Taltal,CL,2022-06-21 04:10:01,-25.4,-70.4833,53.46,81,39,3.62
560,Mitsamiouli,KM,2022-06-21 04:10:02,-11.3847,43.2844,77.25,70,7,13.53
561,Moissac,FR,2022-06-21 04:11:03,44.1024,1.0945,67.87,96,100,6.31
562,Boleslawiec,PL,2022-06-21 04:11:04,51.2642,15.5697,53.02,91,2,13.13
563,Nouakchott,MR,2022-06-21 04:07:11,18.0858,-15.9785,78.73,91,68,7.7
564,Rubtsovsk,RU,2022-06-21 04:11:04,51.5,81.25,79.29,43,68,6.87
565,Nouna,BF,2022-06-21 04:11:05,12.7333,-3.8667,82.47,61,87,3.74
566,Asenovgrad,BG,2022-06-21 04:11:05,42.0167,24.8667,56.68,94,0,3.44
567,Saint-Pierre,RE,2022-06-21 04:11:06,-21.3393,55.4781,71.91,68,75,6.91
568,Cozumel,MX,2022-06-21 04:11:06,20.5083,-86.9458,78.94,89,89,5.99
569,Corrales,US,2022-06-21 04:11:07,35.2378,-106.6067,75.72,49,0,6.91
570,Schneverdingen,DE,2022-06-21 04:11:07,53.1167,9.8,48.88,98,20,5.5
571,Salta,AR,2022-06-21 04:07:17,-24.7859,-65.4117,50.0,50,0,2.64
572,Araouane,ML,2022-06-21 04:11:08,18.9048,-3.5265,88.72,34,87,10.74
573,Malanje,AO,2022-06-21 04:11:09,-9.5402,16.341,57.0,77,63,3.49
